"idPopulations0","PMID","pNam","popSize","popCountry","popMainChar","pSecChar","inclCrit","ageUni","ageMean","ageSD","ageLow","ageUp","femaleFreq","ageClass","sexClass","popDisease","popComorbidity","fromCode","projectName","uploadDate"
,"38261460",,,"india",,,,,,,,,,,,,,1,"projTutoBreastCan","2024-02-02"
,"38200428",,,"south korea",,,,,,,,,,,,,,1,"projTutoBreastCan","2024-02-02"
,"38195750",,,"",,,,,,,,,,,,,,1,"projTutoBreastCan","2024-02-02"
,"38190278",,,"",,,,,,,,,,,,,,1,"projTutoBreastCan","2024-02-02"
,"38184557",,,"",,,,,,,,,,,,,,1,"projTutoBreastCan","2024-02-02"
,"38114492",,,"",,,,,,,,,,,,,,1,"projTutoBreastCan","2024-02-02"
,"38100647",,,"",,,,,,,,,,,,,,1,"projTutoBreastCan","2024-02-02"
,"38060977",,,"brazil",,,,,,,,,,,,,,1,"projTutoBreastCan","2024-02-02"
,"38041401",,,"",,,,,,,,,,,,,,1,"projTutoBreastCan","2024-02-02"
,"38034128",,,"spain",,,,,,,,,,,,,,1,"projTutoBreastCan","2024-02-02"
,"37967297",,,"",,,,,,,,,,,,,,1,"projTutoBreastCan","2024-02-02"
,"37967292",,,"united states",,,,,,,,,,,,,,1,"projTutoBreastCan","2024-02-02"
,"37950787",,"445","united states",,"cardiovascular",,,,,,,,,,"breast cancer",,1,"projTutoBreastCan","2024-02-02"
,"37857978",,,"",,,,,,,,,,,,,,1,"projTutoBreastCan","2024-02-02"
,"37835370",,,"",,,,,,,,,,,,,,1,"projTutoBreastCan","2024-02-02"
,"37799951",,,"south africa",,,,,,,,,,,,,,1,"projTutoBreastCan","2024-02-02"
,"37768420",,,"australia",,,,,,,,,,,,,,1,"projTutoBreastCan","2024-02-02"
,"37694090",,,"mali, india",,,,,,,,,,,,,,1,"projTutoBreastCan","2024-02-02"
,"37682795",,,"",,,,,,,,,,,,,,1,"projTutoBreastCan","2024-02-02"
,"37663950",,,"costa rica",,,,,,,,,,,,,,1,"projTutoBreastCan","2024-02-02"
,"37653535",,,"",,,,,,,,,,,,,,1,"projTutoBreastCan","2024-02-02"
,"37636797",,,"india",,,,,,,,,,,,,,1,"projTutoBreastCan","2024-02-02"
,"37599285",,"1146","india",,"obesity",,,,,,,,,,"breast cancer",,1,"projTutoBreastCan","2024-02-02"
,"37594060",,,"",,,,,,,,,,,,,,1,"projTutoBreastCan","2024-02-02"
,"37593096",,,"",,,,,,,,,,,,,,1,"projTutoBreastCan","2024-02-02"
,"37584880",,,"",,,,,,,,,,,,,,1,"projTutoBreastCan","2024-02-02"
,"37572223",,,"",,,,,,,,,,,,,,1,"projTutoBreastCan","2024-02-02"
,"37490473",,,"",,,,,,,,,,,,,,1,"projTutoBreastCan","2024-02-02"
,"37283742",,,"",,,,,,,,,,,,,,1,"projTutoBreastCan","2024-02-02"
,"37268494",,,"mali",,,,,,,,,,,,,,1,"projTutoBreastCan","2024-02-02"
,"37252578",,,"india",,,,,,,,,,,,,,1,"projTutoBreastCan","2024-02-02"
,"37159301",,,"united states",,,,,,,,,,,,,,1,"projTutoBreastCan","2024-02-02"
,"37074634",,,"",,,,,,,,,,,,,,1,"projTutoBreastCan","2024-02-02"
,"37072554",,,"australia",,,,,,,,,,,,,,1,"projTutoBreastCan","2024-02-02"
,"37066265",,,"austria",,,,,,,,,,,,,,1,"projTutoBreastCan","2024-02-02"
,"37062530",,,"australia, brazil",,,,,,,,,,,,,,1,"projTutoBreastCan","2024-02-02"
,"37043744",,,"united states",,,,,,,,,,,,,,1,"projTutoBreastCan","2024-02-02"
,"37019028",,,"",,,,,,,,,,,,,,1,"projTutoBreastCan","2024-02-02"
,"36967121",,,"japan",,"smoking",,,,,,,,,,"Cigarette Smoking",,1,"projTutoBreastCan","2024-02-02"
,"36938225",,,"mali, bangladesh",,,,,,,,,,,,,,1,"projTutoBreastCan","2024-02-02"
,"36923191",,,"india",,,,,,,,,,,,,,1,"projTutoBreastCan","2024-02-02"
,"36922320",,,"",,,,,,,,,,,,,,1,"projTutoBreastCan","2024-02-02"
,"36921062",,,"",,,,,,,,,,,,,,1,"projTutoBreastCan","2024-02-02"
,"36875909",,,"",,,,,,,,,,,,,,1,"projTutoBreastCan","2024-02-02"
,"36862961",,,"",,,,,,,,,,,,,,1,"projTutoBreastCan","2024-02-02"
,"36847453",,,"",,,,,,,,,,,,,,1,"projTutoBreastCan","2024-02-02"
,"36823587",,,"united states",,,,,,,,,,,,,,1,"projTutoBreastCan","2024-02-02"
,"36804156",,,"kuwait",,,,,,,,,,,,,,1,"projTutoBreastCan","2024-02-02"
,"36802727",,,"",,,,,,,,,,,,,,1,"projTutoBreastCan","2024-02-02"
,"33085285",,,"united states, mali",,,,,,,,,,,,,,1,"projTutoBreastCan","2024-02-02"
,"36650679",,,"china",,,,,,,,,,,,,,1,"projTutoBreastCan","2024-02-02"
,"36563983",,,"",,,,,,,,,,,,,,1,"projTutoBreastCan","2024-02-02"
,"36554894",,,"canada, lebanon, australia",,,,,,,,,,,,,,1,"projTutoBreastCan","2024-02-02"
,"36552033",,,"",,,,,,,,,,,,,,1,"projTutoBreastCan","2024-02-02"
,"36543055",,,"",,,,,,,,,,,,,,1,"projTutoBreastCan","2024-02-02"
,"36481152",,,"",,,,,,,,,,,,,,1,"projTutoBreastCan","2024-02-02"
,"36458516",,,"italy",,,,,,,,,,,,,,1,"projTutoBreastCan","2024-02-02"
,"36411107",,,"",,"cancer",,,,,,,,,,"cancer",,1,"projTutoBreastCan","2024-02-02"
,"36395613",,"3813","",,"breast cancer status",,,,,,,,,,"Changes in cigarette smoking behavior",,1,"projTutoBreastCan","2024-02-02"
,"36320019",,,"mali",,,,,,,,,,,,,,1,"projTutoBreastCan","2024-02-02"
,"36274167",,,"mali",,,,,,,,,,,,,,1,"projTutoBreastCan","2024-02-02"
,"36230488",,,"taiwan",,,,,,,,,,,,,,1,"projTutoBreastCan","2024-02-02"
,"36216768",,,"",,,,,,,,,,,,,,1,"projTutoBreastCan","2024-02-02"
,"36199568",,"267","united states, dominican republic",,"cancer therapy",,,,,,,,,,"Patients",,1,"projTutoBreastCan","2024-02-02"
,"36185316",,"2326987","",,"smoking",,,,,,,,,,"breast cancer",,1,"projTutoBreastCan","2024-02-02"
,"36156147",,,"united states",,,,,,,,,,,,,,1,"projTutoBreastCan","2024-02-02"
,"36140359",,,"",,,,,,,,,,,,,,1,"projTutoBreastCan","2024-02-02"
,"36121718",,,"",,,,,,,,,,,,,,1,"projTutoBreastCan","2024-02-02"
,"36081216",,,"spain",,,,,,,,,,,,,,1,"projTutoBreastCan","2024-02-02"
,"36077659",,,"",,,,,,,,,,,,,,1,"projTutoBreastCan","2024-02-02"
,"36068634",,,"",,"age",,,,,,,,,,"aging",,1,"projTutoBreastCan","2024-02-02"
,"36037138",,"162","",,"higher household income",,,,,,,,,,"Anxiety",,1,"projTutoBreastCan","2024-02-02"
,"35965518",,,"",,,,,,,,,,,,,,1,"projTutoBreastCan","2024-02-02"
,"35930982",,,"turkey",,,,,,,,,,,,,,1,"projTutoBreastCan","2024-02-02"
,"35911296",,,"",,,,,,,,,,,,,,1,"projTutoBreastCan","2024-02-02"
,"35909640",,,"united states",,,,,,,,,,,,,,1,"projTutoBreastCan","2024-02-02"
,"35896258",,,"",,,,,,,,,,,,,,1,"projTutoBreastCan","2024-02-02"
,"35882895",,,"ethiopia",,,,,,,,,,,,,,1,"projTutoBreastCan","2024-02-02"
,"35869504",,"1884","",,"Cigarette Smoking Status",,,,,,,,,,"Cigarette Smoking Status",,1,"projTutoBreastCan","2024-02-02"
,"35832151",,,"",,,,,,,,,,,,,,1,"projTutoBreastCan","2024-02-02"
,"35821060",,,"",,,,,,,,,,,,,,1,"projTutoBreastCan","2024-02-02"
,"35808929",,,"united states",,,,,,,,,,,,,,1,"projTutoBreastCan","2024-02-02"
,"35781348",,,"",,,,,,,,,,,,,,1,"projTutoBreastCan","2024-02-02"
,"35765387",,,"mali",,,,,,,,,,,,,,1,"projTutoBreastCan","2024-02-02"
,"35747814",,,"italy",,,,,,,,,,,,,,1,"projTutoBreastCan","2024-02-02"
,"35717497",,,"",,,,,,,,,,,,,,1,"projTutoBreastCan","2024-02-02"
,"35657004",,,"",,,,,,,,,,,,,,1,"projTutoBreastCan","2024-02-02"
,"35620221",,,"",,,,,,,,,,,,,,1,"projTutoBreastCan","2024-02-02"
,"35607307",,,"",,,,,,,,,,,,,,1,"projTutoBreastCan","2024-02-02"
,"35583594",,,"",,,,,,,,,,,,,,1,"projTutoBreastCan","2024-02-02"
,"35489021",,,"",,,,,,,,,,,,,,1,"projTutoBreastCan","2024-02-02"
,"35446677",,,"",,,,,,,,,,,,,,1,"projTutoBreastCan","2024-02-02"
,"35435488",,,"mali",,,,,,,,,,,,,,1,"projTutoBreastCan","2024-02-02"
,"35425702",,,"",,,,,,,,,,,,,,1,"projTutoBreastCan","2024-02-02"
,"35409765",,,"",,,,,,,,,,,,,,1,"projTutoBreastCan","2024-02-02"
,"35386387",,,"",,,,,,,,,,,,,,1,"projTutoBreastCan","2024-02-02"
,"35354487",,,"",,,,,,,,,,,,,,1,"projTutoBreastCan","2024-02-02"
,"35337806",,,"",,,,,,,,,,,,,,1,"projTutoBreastCan","2024-02-02"
,"35326615",,,"",,"tobacco abstinence status",,,,,,,,,,"Smoking",,1,"projTutoBreastCan","2024-02-02"
,"35289519",,,"",,,,,,,,,,,,,,1,"projTutoBreastCan","2024-02-02"
,"35256281",,,"mali",,,,,,,,,,,,,,1,"projTutoBreastCan","2024-02-02"
,"35206274",,,"mali, italy",,"Breast Cancer",,,,,,,,,,"Cancer",,1,"projTutoBreastCan","2024-02-02"
,"35155205",,,"mali",,,,,,,,,,,,,,1,"projTutoBreastCan","2024-02-02"
,"35019257",,,"",,,,,,,,,,,,,,1,"projTutoBreastCan","2024-02-02"
,"34999865",,,"norway",,,,,,,,,,,,,,1,"projTutoBreastCan","2024-02-02"
,"34969739",,,"",,,,,,,,,,,,,,1,"projTutoBreastCan","2024-02-02"
,"34831299",,,"",,,,,,,,,,,,,,1,"projTutoBreastCan","2024-02-02"
,"34825193",,,"",,,,,,,,,,,,,,1,"projTutoBreastCan","2024-02-02"
,"34814535",,,"china",,,,,,,,,,,,,,1,"projTutoBreastCan","2024-02-02"
,"34780566",,,"",,,,,,,,,,,,,,1,"projTutoBreastCan","2024-02-02"
,"34768550",,,"",,,,,,,,,,,,,,1,"projTutoBreastCan","2024-02-02"
,"34756596",,,"",,,,,,,,,,,,,,1,"projTutoBreastCan","2024-02-02"
,"34711358",,,"united states",,,,,,,,,,,,,,1,"projTutoBreastCan","2024-02-02"
,"34710992",,,"south korea",,,,,,,,,,,,,,1,"projTutoBreastCan","2024-02-02"
,"34699584",,,"brazil",,"folate metabolism polymorphisms",,,,,,,,,,"breast cancer",,1,"projTutoBreastCan","2024-02-02"
,"34669856",,,"",,,,,,,,,,,,,,1,"projTutoBreastCan","2024-02-02"
,"34660397",,,"india",,,,,,,,,,,,,,1,"projTutoBreastCan","2024-02-02"
,"34524273",,,"poland",,,,,,,,,,,,,,1,"projTutoBreastCan","2024-02-02"
,"34485137",,,"",,,,,,,,,,,,,,1,"projTutoBreastCan","2024-02-02"
,"34456250",,,"",,,,,,,,,,,,,,1,"projTutoBreastCan","2024-02-02"
,"34449569",,,"",,,,,,,,,,,,,,1,"projTutoBreastCan","2024-02-02"
,"34341517",,,"",,"smoking exposure",,,,,,,,,,"smoking",,1,"projTutoBreastCan","2024-02-02"
,"34329737",,,"",,,,,,,,,,,,,,1,"projTutoBreastCan","2024-02-02"
,"34273918",,,"",,,,,,,,,,,,,,1,"projTutoBreastCan","2024-02-02"
,"34258407",,,"",,,,,,,,,,,,,,1,"projTutoBreastCan","2024-02-02"
,"34128917",,,"vietnam, india, pakistan, china",,,,,,,,,,,,,,1,"projTutoBreastCan","2024-02-02"
,"34122691",,,"madagascar",,,,,,,,,,,,,,1,"projTutoBreastCan","2024-02-02"
,"34099154",,,"",,,,,,,,,,,,,,1,"projTutoBreastCan","2024-02-02"
,"34091262",,"29823","finland",,"persistent smokers",,,,,,,,,,"smoking",,1,"projTutoBreastCan","2024-02-02"
,"34074729",,,"",,,,,,,,,,,,,,1,"projTutoBreastCan","2024-02-02"
,"34067742",,,"france",,,,,,,,,,,,,,1,"projTutoBreastCan","2024-02-02"
,"34053357",,,"",,,,,,,,,,,,,,1,"projTutoBreastCan","2024-02-02"
,"33990967",,,"mali, norway",,,,,,,,,,,,,,1,"projTutoBreastCan","2024-02-02"
,"33990391",,,"mali",,,,,,,,,,,,,,1,"projTutoBreastCan","2024-02-02"
,"33956307",,,"",,,,,,,,,,,,,,1,"projTutoBreastCan","2024-02-02"
,"33945869",,,"",,,,,,,,,,,,,,1,"projTutoBreastCan","2024-02-02"
,"33939063",,,"mali",,,,,,,,,,,,,,1,"projTutoBreastCan","2024-02-02"
,"33935534",,,"",,,,,,,,,,,,,,1,"projTutoBreastCan","2024-02-02"
,"33911981",,,"china, russia, india",,,,,,,,,,,,,,1,"projTutoBreastCan","2024-02-02"
,"33894746",,,"mali",,,,,,,,,,,,,,1,"projTutoBreastCan","2024-02-02"
,"33887074",,,"",,,,,,,,,,,,,,1,"projTutoBreastCan","2024-02-02"
,"33841500",,,"",,,,,,,,,,,,,,1,"projTutoBreastCan","2024-02-02"
,"33839117",,,"lebanon",,,,,,,,,,,,,,1,"projTutoBreastCan","2024-02-02"
,"33747960",,"87","",,"breast complication rate",,,,,,,,,,"Robotic Versus Conventional Nipple-Sparing Mastectomy",,1,"projTutoBreastCan","2024-02-02"
,"33738159",,,"mali",,,,,,,,,,,,,,1,"projTutoBreastCan","2024-02-02"
,"33679243",,,"mali",,,,,,,,,,,,,,1,"projTutoBreastCan","2024-02-02"
,"33626377",,,"",,,,,,,,,,,,,,1,"projTutoBreastCan","2024-02-02"
,"33621341",,,"mongolia, lebanon, south korea, pakistan",,,,,,,,,,,,,,1,"projTutoBreastCan","2024-02-02"
,"33587575",,,"united states",,,,,,,,,,,,,,1,"projTutoBreastCan","2024-02-02"
,"33560020",,,"",,,,,,,,,,,,,,1,"projTutoBreastCan","2024-02-02"
,"33504652",,,"",,,,,,,,,,,,,,1,"projTutoBreastCan","2024-02-02"
,"33500666",,,"ethiopia",,,,,,,,,,,,,,1,"projTutoBreastCan","2024-02-02"
,"33473115",,,"",,,,,,,,,,,,,,1,"projTutoBreastCan","2024-02-02"
,"33466597",,,"mali",,,,,,,,,,,,,,1,"projTutoBreastCan","2024-02-02"
,"33418062",,"405","mali",,"breast carcinomas",,,,,,,,,,"breast cancer",,1,"projTutoBreastCan","2024-02-02"
,"33414685",,,"united states",,,,,,,,,,,,,,1,"projTutoBreastCan","2024-02-02"
,"33388329",,"1","united states",,"cervical cancer",,,,,,,,,,"cervical cancer",,1,"projTutoBreastCan","2024-02-02"
,"33388324",,,"",,,,,,,,,,,,,,1,"projTutoBreastCan","2024-02-02"
,"33387965",,,"united states",,"preexisting mental illnesses",,,,,,,,,,"preexisting mental illnesses",,1,"projTutoBreastCan","2024-02-02"
,"33372936",,,"mexico",,,,,,,,,,,,,,1,"projTutoBreastCan","2024-02-02"
,"33363007",,,"",,,,,,,,,,,,,,1,"projTutoBreastCan","2024-02-02"
,"33360331",,,"egypt",,,,,,,,,,,,,,1,"projTutoBreastCan","2024-02-02"
,"33353068",,,"mali",,,,,,,,,,,,,,1,"projTutoBreastCan","2024-02-02"
,"33323364",,,"",,,,,,,,,,,,,,1,"projTutoBreastCan","2024-02-02"
,"33318278",,,"mali",,,,,,,,,,,,,,1,"projTutoBreastCan","2024-02-02"
,"33185832",,"950","",,"alcohol consumption",,,,,,,,,,"cancer",,1,"projTutoBreastCan","2024-02-02"
,"33090404",,,"mexico",,"tobacco",,,,,,,,,,"breast cancer",,1,"projTutoBreastCan","2024-02-02"
,"33053866",,,"",,,,,,,,,,,,,,1,"projTutoBreastCan","2024-02-02"
,"33041555",,,"mali, india",,,,,,,,,,,,,,1,"projTutoBreastCan","2024-02-02"
,"33033707",,,"mali",,,,,,,,,,,,,,1,"projTutoBreastCan","2024-02-02"
,"33025526",,,"",,,,,,,,,,,,,,1,"projTutoBreastCan","2024-02-02"
,"32968686",,,"saudi arabia",,,,,,,,,,,,,,1,"projTutoBreastCan","2024-02-02"
,"32954254",,,"",,"obesity",,,,,,,,,,"cardiovascular disease mortality",,1,"projTutoBreastCan","2024-02-02"
,"32949420",,,"",,,,,,,,,,,,,,1,"projTutoBreastCan","2024-02-02"
,"32914718",,,"",,,,,,,,,,,,,,1,"projTutoBreastCan","2024-02-02"
,"32897160",,,"",,,,,,,,,,,,,,1,"projTutoBreastCan","2024-02-02"
,"32851703",,,"mongolia, china",,,,,,,,,,,,,,1,"projTutoBreastCan","2024-02-02"
,"32844294",,,"",,,,,,,,,,,,,,1,"projTutoBreastCan","2024-02-02"
,"32822118",,,"united states",,"cancer",,,,,,,,,,"Continued smoking",,1,"projTutoBreastCan","2024-02-02"
,"32774626",,,"morocco",,,,,,,,,,,,,,1,"projTutoBreastCan","2024-02-02"
,"32760866",,,"mali",,,,,,,,,,,,,,1,"projTutoBreastCan","2024-02-02"
,"32734636",,,"india",,,,,,,,,,,,,,1,"projTutoBreastCan","2024-02-02"
,"32685363",,,"denmark",,,,,,,,,,,,,,1,"projTutoBreastCan","2024-02-02"
,"32585431",,,"thailand",,,,,,,,,,,,,,1,"projTutoBreastCan","2024-02-02"
,"32567292",,,"",,,,,,,,,,,,,,1,"projTutoBreastCan","2024-02-02"
,"32553370",,,"italy",,,,,,,,,,,,,,1,"projTutoBreastCan","2024-02-02"
,"32528870",,,"",,,,,,,,,,,,,,1,"projTutoBreastCan","2024-02-02"
,"32476689",,,"uruguay",,,,,,,,,,,,,,1,"projTutoBreastCan","2024-02-02"
,"32464155",,,"",,,,,,,,,,,,,,1,"projTutoBreastCan","2024-02-02"
,"32400196",,,"",,,,,,,,,,,,,,1,"projTutoBreastCan","2024-02-02"
,"32356370",,,"",,,,,,,,,,,,,,1,"projTutoBreastCan","2024-02-02"
,"32334446",,,"united states",,,,,,,,,,,,,,1,"projTutoBreastCan","2024-02-02"
,"32321669",,,"poland",,,,,,,,,,,,,,1,"projTutoBreastCan","2024-02-02"
,"32277629",,"437","mexico",,"breast cancer",,,,,,,,,,"breast cancer",,1,"projTutoBreastCan","2024-02-02"
,"32267588",,"6024","",,"cancers",,,,,,,,,,"cancer",,1,"projTutoBreastCan","2024-02-02"
,"32249385",,,"",,,,,,,,,,,,,,1,"projTutoBreastCan","2024-02-02"
,"32248830",,,"mali",,,,,,,,,,,,,,1,"projTutoBreastCan","2024-02-02"
,"32148727",,"8352","india, mali",,"obesity",,,,,,,,,,"cancers",,1,"projTutoBreastCan","2024-02-02"
,"32130086",,,"united states",,,,,,,,,,,,,,1,"projTutoBreastCan","2024-02-02"
,"32102528",,,"iran",,,,,,,,,,,,,,1,"projTutoBreastCan","2024-02-02"
,"32079309",,,"",,,,,,,,,,,,,,1,"projTutoBreastCan","2024-02-02"
,"32066618",,,"",,,,,,,,,,,,,,1,"projTutoBreastCan","2024-02-02"
,"32039626",,,"",,,,,,,,,,,,,,1,"projTutoBreastCan","2024-02-02"
,"31907323",,,"united states",,,,,,,,,,,,,,1,"projTutoBreastCan","2024-02-02"
,"31877386",,,"",,,,,,,,,,,,,,1,"projTutoBreastCan","2024-02-02"
,"31796079",,,"france",,,,,,,,,,,,,,1,"projTutoBreastCan","2024-02-02"
,"31792088",,,"",,,,,,,,,,,,,,1,"projTutoBreastCan","2024-02-02"
,"31786857",,,"mexico",,"breast cancer",,,,,,,,,,"breast cancer",,1,"projTutoBreastCan","2024-02-02"
,"31768959",,,"india",,,,,,,,,,,,,,1,"projTutoBreastCan","2024-02-02"
,"20301488",,,"mali",,,,,,,,,,,,,,1,"projTutoBreastCan","2024-02-02"
,"31715261",,,"",,,,,,,,,,,,,,1,"projTutoBreastCan","2024-02-02"
,"31706896",,,"france",,,,,,,,,,,,,,1,"projTutoBreastCan","2024-02-02"
,"31670626",,,"",,,,,,,,,,,,,,1,"projTutoBreastCan","2024-02-02"
,"31644965",,,"denmark",,"smoking",,,,,,,,,,"tobacco smoking",,1,"projTutoBreastCan","2024-02-02"
,"31629546",,,"spain, belgium",,,,,,,,,,,,,,1,"projTutoBreastCan","2024-02-02"
,"31566312",,,"",,,,,,,,,,,,,,1,"projTutoBreastCan","2024-02-02"
,"31535325",,,"",,"alcohol",,,,,,,,,,"alcohol consumption and cigarette smoking on site-specific cancer",,1,"projTutoBreastCan","2024-02-02"
,"31533767",,,"",,,,,,,,,,,,,,1,"projTutoBreastCan","2024-02-02"
,"31505203",,,"united kingdom",,,,,,,,,,,,,,1,"projTutoBreastCan","2024-02-02"
,"31443190",,,"",,,,,,,,,,,,,,1,"projTutoBreastCan","2024-02-02"
,"31337864",,,"mali, spain",,,,,,,,,,,,,,1,"projTutoBreastCan","2024-02-02"
,"31237077",,,"",,,,,,,,,,,,,,1,"projTutoBreastCan","2024-02-02"
,"31198519",,,"india, mali",,,,,,,,,,,,,,1,"projTutoBreastCan","2024-02-02"
,"31171546",,,"panama",,,,,,,,,,,,,,1,"projTutoBreastCan","2024-02-02"
,"31152367",,,"china",,"cancers",,,,,,,,,,"cancer",,1,"projTutoBreastCan","2024-02-02"
,"31147682",,,"poland, russia, japan, france, italy, canada",,,,,,,,,,,,,,1,"projTutoBreastCan","2024-02-02"
,"31092347",,,"united states",,,,,,,,,,,,,,1,"projTutoBreastCan","2024-02-02"
,"31082867",,,"mali",,,,,,,,,,,,,,1,"projTutoBreastCan","2024-02-02"
,"31041825",,,"",,,,,,,,,,,,,,1,"projTutoBreastCan","2024-02-02"
,"31019204",,,"mali",,,,,,,,,,,,,,1,"projTutoBreastCan","2024-02-02"
,"30999866",,,"",,,,,,,,,,,,,,1,"projTutoBreastCan","2024-02-02"
,"30940572",,,"afghanistan",,,,,,,,,,,,,,1,"projTutoBreastCan","2024-02-02"
,"30924231",,,"mali",,,,,,,,,,,,,,1,"projTutoBreastCan","2024-02-02"
,"30917803",,,"",,,,,,,,,,,,,,1,"projTutoBreastCan","2024-02-02"
,"30846411",,,"china",,,,,,,,,,,,,,1,"projTutoBreastCan","2024-02-02"
,"30712467",,,"",,,,,,,,,,,,,,1,"projTutoBreastCan","2024-02-02"
,"30617699",,,"",,,,,,,,,,,,,,1,"projTutoBreastCan","2024-02-02"
,"30615587",,,"laos",,,,,,,,,,,,,,1,"projTutoBreastCan","2024-02-02"
,"30606132",,,"india",,,,,,,,,,,,,,1,"projTutoBreastCan","2024-02-02"
,"30463468",,,"",,,,,,,,,,,,,,1,"projTutoBreastCan","2024-02-02"
,"30400897",,,"kenya",,,,,,,,,,,,,,1,"projTutoBreastCan","2024-02-02"
,"30395205",,,"",,,,,,,,,,,,,,1,"projTutoBreastCan","2024-02-02"
,"30366874",,,"mali",,,,,,,,,,,,,,1,"projTutoBreastCan","2024-02-02"
,"30365661",,,"",,,,,,,,,,,,,,1,"projTutoBreastCan","2024-02-02"
,"30353287",,,"germany",,,,,,,,,,,,,,1,"projTutoBreastCan","2024-02-02"
,"30323658",,"447","",,"tobacco smoking",,,,,,,,,,"low",,1,"projTutoBreastCan","2024-02-02"
,"30319964",,,"united states",,,,,,,,,,,,,,1,"projTutoBreastCan","2024-02-02"
,"30314562",,"3517","spain",,"Caloric restriction",,,,,,,,,,"Overeating, caloric restriction and mammographic density",,1,"projTutoBreastCan","2024-02-02"
,"30309689",,"7088","united states",,"breast cancer",,,,,,,,,,"cancer",,1,"projTutoBreastCan","2024-02-02"
,"30303517",,,"",,,,,,,,,,,,,,1,"projTutoBreastCan","2024-02-02"
,"30284040",,,"",,,,,,,,,,,,,,1,"projTutoBreastCan","2024-02-02"
,"30277293",,,"spain",,,,,,,,,,,,,,1,"projTutoBreastCan","2024-02-02"
,"30259641",,,"mali",,,,,,,,,,,,,,1,"projTutoBreastCan","2024-02-02"
,"30248155",,,"united states",,,,,,,,,,,,,,1,"projTutoBreastCan","2024-02-02"
,"30219626",,,"india",,,,,,,,,,,,,,1,"projTutoBreastCan","2024-02-02"
,"30208628",,,"",,"never smokers",,,,,,,,,,"Exposure to Secondhand Smoke and Risk of Cancer",,1,"projTutoBreastCan","2024-02-02"
,"30155724",,,"",,,,,,,,,,,,,,1,"projTutoBreastCan","2024-02-02"
,"30154641",,,"united states, mali",,,,,,,,,,,,,,1,"projTutoBreastCan","2024-02-02"
,"30151565",,,"finland, sweden, norway, denmark, iceland",,,,,,,,,,,,,,1,"projTutoBreastCan","2024-02-02"
,"30136876",,,"",,,,,,,,,,,,,,1,"projTutoBreastCan","2024-02-02"
,"30129956",,,"",,,,,,,,,,,,,,1,"projTutoBreastCan","2024-02-02"
,"30068667",,,"",,,,,,,,,,,,,,1,"projTutoBreastCan","2024-02-02"
,"29983461",,,"colombia",,,,,,,,,,,,,,1,"projTutoBreastCan","2024-02-02"
,"29933307",,,"",,,,,,,,,,,,,,1,"projTutoBreastCan","2024-02-02"
,"29927995",,,"france",,,,,,,,,,,,,,1,"projTutoBreastCan","2024-02-02"
,"29896224",,,"",,,,,,,,,,,,,,1,"projTutoBreastCan","2024-02-02"
,"29869258",,,"",,,,,,,,,,,,,,1,"projTutoBreastCan","2024-02-02"
,"29807732",,,"france",,,,,,,,,,,,,,1,"projTutoBreastCan","2024-02-02"
,"29788174",,,"",,,,,,,,,,,,,,1,"projTutoBreastCan","2024-02-02"
,"29782524",,,"",,,,,,,,,,,,,,1,"projTutoBreastCan","2024-02-02"
,"29774312",,,"",,,,,,,,,,,,,,1,"projTutoBreastCan","2024-02-02"
,"29707532",,,"iraq",,,,,,,,,,,,,,1,"projTutoBreastCan","2024-02-02"
,"29707117",,,"",,,,,,,,,,,,,,1,"projTutoBreastCan","2024-02-02"
,"29696713",,,"australia, new zealand, canada, ireland, united kingdom, united states",,,,,,,,,,,,,,1,"projTutoBreastCan","2024-02-02"
,"29658425",,,"united states",,,,,,,,,,,,,,1,"projTutoBreastCan","2024-02-02"
,"29595941",,,"united states",,,,,,,,,,,,,,1,"projTutoBreastCan","2024-02-02"
,"29582015",,,"united states",,,,,,,,,,,,,,1,"projTutoBreastCan","2024-02-02"
,"29508148",,,"",,,,,,,,,,,,,,1,"projTutoBreastCan","2024-02-02"
,"29462389",,,"mali",,,,,,,,,,,,,,1,"projTutoBreastCan","2024-02-02"
,"29416638",,,"mali",,,,,,,,,,,,,,1,"projTutoBreastCan","2024-02-02"
,"29330845",,"700","",,"Tobacco smoke",,,,,,,,,,"smoking",,1,"projTutoBreastCan","2024-02-02"
,"29319579",,,"united states",,,,,,,,,,,,,,1,"projTutoBreastCan","2024-02-02"
,"29302735",,,"italy",,,,,,,,,,,,,,1,"projTutoBreastCan","2024-02-02"
,"29275864",,,"",,,,,,,,,,,,,,1,"projTutoBreastCan","2024-02-02"
,"29197760",,,"",,"ambient air pollution",,,,,,,,,,"ambient air pollution",,1,"projTutoBreastCan","2024-02-02"
,"29145260",,,"",,,,,,,,,,,,,,1,"projTutoBreastCan","2024-02-02"
,"29137948",,,"united states",,,,,,,,,,,,,,1,"projTutoBreastCan","2024-02-02"
,"29102390",,,"mali, mexico",,,,,,,,,,,,,,1,"projTutoBreastCan","2024-02-02"
,"29096890",,,"united states",,,,,,,,,,,,,,1,"projTutoBreastCan","2024-02-02"
,"29071579",,"137","israel",,"Passive smoking, NAT2 polymorphism, and breast cancer",,,,,,,,,,"Passive smoking",,1,"projTutoBreastCan","2024-02-02"
,"29017754",,,"austria",,,,,,,,,,,,,,1,"projTutoBreastCan","2024-02-02"
,"28985927",,,"",,,,,,,,,,,,,,1,"projTutoBreastCan","2024-02-02"
,"28975393",,,"germany",,,,,,,,,,,,,,1,"projTutoBreastCan","2024-02-02"
,"28934000",,,"united states",,"severe mental illness",,,,,,,,,,"Mental Illness",,1,"projTutoBreastCan","2024-02-02"
,"28881410",,,"",,,,,,,,,,,,,,1,"projTutoBreastCan","2024-02-02"
,"28874120",,,"",,,,,,,,,,,,,,1,"projTutoBreastCan","2024-02-02"
,"28861761",,,"",,,,,,,,,,,,,,1,"projTutoBreastCan","2024-02-02"
,"28861380",,"12","",,"Smoking",,,,,,,,,,"Smoking and mortality",,1,"projTutoBreastCan","2024-02-02"
,"28830370",,,"denmark",,"obesity",,,,,,,,,,"Active smoking",,1,"projTutoBreastCan","2024-02-02"
,"28805722",,,"",,,,,,,,,,,,,,1,"projTutoBreastCan","2024-02-02"
,"28760638",,,"",,,,,,,,,,,,,,1,"projTutoBreastCan","2024-02-02"
,"28748345",,,"italy",,,,,,,,,,,,,,1,"projTutoBreastCan","2024-02-02"
,"28717853",,,"south korea",,"smoke",,,,,,,,,,"Radiation-related heart disease",,1,"projTutoBreastCan","2024-02-02"
,"28702218",,,"",,,,,,,,,,,,,,1,"projTutoBreastCan","2024-02-02"
,"28699269",,,"",,,,,,,,,,,,,,1,"projTutoBreastCan","2024-02-02"
,"28689518",,,"pakistan, mali",,,,,,,,,,,,,,1,"projTutoBreastCan","2024-02-02"
,"28667029",,,"mexico",,,,,,,,,,,,,,1,"projTutoBreastCan","2024-02-02"
,"28664511",,,"",,,,,,,,,,,,,,1,"projTutoBreastCan","2024-02-02"
,"28624541",,,"",,,,,,,,,,,,,,1,"projTutoBreastCan","2024-02-02"
,"28618256",,,"",,,,,,,,,,,,,,1,"projTutoBreastCan","2024-02-02"
,"28614486",,,"",,,,,,,,,,,,,,1,"projTutoBreastCan","2024-02-02"
,"28583806",,,"mali",,,,,,,,,,,,,,1,"projTutoBreastCan","2024-02-02"
,"28545182",,,"australia",,,,,,,,,,,,,,1,"projTutoBreastCan","2024-02-02"
,"28535209",,"305","spain",,"tobacco smoking",,,,,,,,,,"Aromatic DNA adducts and breast cancer risk",,1,"projTutoBreastCan","2024-02-02"
,"28524234",,,"",,"Alcohol consumption",,,,,,,,,,"Alcohol consumption and cigarette smoking",,1,"projTutoBreastCan","2024-02-02"
,"28523418",,,"united states",,"breast cancer",,,,,,,,,,"Breast cancer and exposure to tobacco smoke",,1,"projTutoBreastCan","2024-02-02"
,"28452244",,,"",,,,,,,,,,,,,,1,"projTutoBreastCan","2024-02-02"
,"28445992",,,"",,,,,,,,,,,,,,1,"projTutoBreastCan","2024-02-02"
,"28388394",,,"",,,,,,,,,,,,,,1,"projTutoBreastCan","2024-02-02"
,"28331363",,,"",,,,,,,,,,,,,,1,"projTutoBreastCan","2024-02-02"
,"28327906",,,"france, germany, italy, poland, spain",,,,,,,,,,,,,,1,"projTutoBreastCan","2024-02-02"
,"28275920",,,"",,,,,,,,,,,,,,1,"projTutoBreastCan","2024-02-02"
,"28273020",,,"",,,,,,,,,,,,,,1,"projTutoBreastCan","2024-02-02"
,"28272835",,,"united states",,,,,,,,,,,,,,1,"projTutoBreastCan","2024-02-02"
,"28189809",,,"",,,,,,,,,,,,,,1,"projTutoBreastCan","2024-02-02"
,"28151962",,,"lithuania",,,,,,,,,,,,,,1,"projTutoBreastCan","2024-02-02"
,"28130772",,"3","",,"tobacco smoking",,,,,,,,,,"Digitalis Use and the Risk of Breast Cancer",,1,"projTutoBreastCan","2024-02-02"
,"28113110",,,"france",,,,,,,,,,,,,,1,"projTutoBreastCan","2024-02-02"
,"28093701",,,"spain",,,,,,,,,,,,,,1,"projTutoBreastCan","2024-02-02"
,"30512431",,,"france",,,,,,,,,,,,,,1,"projTutoBreastCan","2024-02-02"
,"28031315",,,"united states",,"smoking non",,,,,,,,,,"active cigarette smoking",,1,"projTutoBreastCan","2024-02-02"
,"27925183",,,"new zealand",,,,,,,,,,,,,,1,"projTutoBreastCan","2024-02-02"
,"27918777",,,"",,,,,,,,,,,,,,1,"projTutoBreastCan","2024-02-02"
,"27900632",,,"israel",,,,,,,,,,,,,,1,"projTutoBreastCan","2024-02-02"
,"27886160",,"227","",,"LV dysfunction",,,,,,,,,,"cardiotoxicity",,1,"projTutoBreastCan","2024-02-02"
,"27852187",,,"australia",,,,,,,,,,,,,,1,"projTutoBreastCan","2024-02-02"
,"27681240",,,"mali",,,,,,,,,,,,,,1,"projTutoBreastCan","2024-02-02"
,"27765798",,,"united states",,"Environmental Tobacco Smoke Exposure",,,,,,,,,,"Environmental Tobacco Smoke Exposure",,1,"projTutoBreastCan","2024-02-02"
,"27754415",,,"spain",,,,,,,,,,,,,,1,"projTutoBreastCan","2024-02-02"
,"27680017",,,"",,,,,,,,,,,,,,1,"projTutoBreastCan","2024-02-02"
,"27670773",,,"",,,,,,,,,,,,,,1,"projTutoBreastCan","2024-02-02"
,"27669745",,,"new zealand",,,,,,,,,,,,,,1,"projTutoBreastCan","2024-02-02"
,"27632897",,,"",,,,,,,,,,,,,,1,"projTutoBreastCan","2024-02-02"
,"27610196",,,"",,,,,,,,,,,,,,1,"projTutoBreastCan","2024-02-02"
,"27566468",,,"pakistan, mali, turkey",,,,,,,,,,,,,,1,"projTutoBreastCan","2024-02-02"
,"27541291",,"22","united states",,"Environmental tobacco smoke exposure",,,,,,,,,,"Environmental tobacco smoke exposure",,1,"projTutoBreastCan","2024-02-02"
,"27494954",,,"united states",,,,,,,,,,,,,,1,"projTutoBreastCan","2024-02-02"
,"27490260",,,"",,,,,,,,,,,,,,1,"projTutoBreastCan","2024-02-02"
,"27484217",,,"china",,,,,,,,,,,,,,1,"projTutoBreastCan","2024-02-02"
,"27478644",,,"india",,,,,,,,,,,,,,1,"projTutoBreastCan","2024-02-02"
,"27475696",,,"",,,,,,,,,,,,,,1,"projTutoBreastCan","2024-02-02"
,"27465159",,,"united states",,,,,,,,,,,,,,1,"projTutoBreastCan","2024-02-02"
,"27411340",,,"",,,,,,,,,,,,,,1,"projTutoBreastCan","2024-02-02"
,"27348110",,,"canada",,,,,,,,,,,,,,1,"projTutoBreastCan","2024-02-02"
,"27321059",,,"",,"cancers",,,,,,,,,,"cancers",,1,"projTutoBreastCan","2024-02-02"
,"27257027",,,"united states",,,,,,,,,,,,,,1,"projTutoBreastCan","2024-02-02"
,"27240193",,,"united states",,,,,,,,,,,,,,1,"projTutoBreastCan","2024-02-02"
,"27228256",,,"united states",,,,,,,,,,,,,,1,"projTutoBreastCan","2024-02-02"
,"27219259",,,"",,,,,,,,,,,,,,1,"projTutoBreastCan","2024-02-02"
,"27175568",,,"united states",,,,,,,,,,,,,,1,"projTutoBreastCan","2024-02-02"
,"27173331",,,"mali, brazil",,"thyroid and breast cancer development.CONTEXT: Folate metabolism",,,,,,,,,,"thyroid and breast cancer",,1,"projTutoBreastCan","2024-02-02"
,"27088617",,,"mali",,,,,,,,,,,,,,1,"projTutoBreastCan","2024-02-02"
,"26982250",,,"",,,,,,,,,,,,,,1,"projTutoBreastCan","2024-02-02"
,"26941034",,,"",,,,,,,,,,,,,,1,"projTutoBreastCan","2024-02-02"
,"26913209",,,"india",,"tobacco",,,,,,,,,,"Breast Cancer",,1,"projTutoBreastCan","2024-02-02"
,"26878284",,"1508","",,"breast cancer",,,,,,,,,,"breast cancer",,1,"projTutoBreastCan","2024-02-02"
,"26877711",,,"",,,,,,,,,,,,,,1,"projTutoBreastCan","2024-02-02"
,"26811527",,,"",,"smokers",,,,,,,,,,"Smoking",,1,"projTutoBreastCan","2024-02-02"
,"26808295",,,"",,,,,,,,,,,,,,1,"projTutoBreastCan","2024-02-02"
,"26766789",,,"india, pakistan, united states",,,,,,,,,,,,,,1,"projTutoBreastCan","2024-02-02"
,"26727754",,,"mali",,,,,,,,,,,,,,1,"projTutoBreastCan","2024-02-02"
,"26700672",,,"mali",,,,,,,,,,,,,,1,"projTutoBreastCan","2024-02-02"
,"26671626",,"765","",,"breast cancer",,,,,,,,,,"breast cancer",,1,"projTutoBreastCan","2024-02-02"
,"26664526",,,"mali",,,,,,,,,,,,,,1,"projTutoBreastCan","2024-02-02"
,"26645565",,,"denmark, mali",,,,,,,,,,,,,,1,"projTutoBreastCan","2024-02-02"
,"26591789",,,"",,,,,,,,,,,,,,1,"projTutoBreastCan","2024-02-02"
,"26578033",,,"",,,,,,,,,,,,,,1,"projTutoBreastCan","2024-02-02"
,"26576701",,,"",,,,,,,,,,,,,,1,"projTutoBreastCan","2024-02-02"
,"26546245",,,"",,,,,,,,,,,,,,1,"projTutoBreastCan","2024-02-02"
,"26479829",,,"japan",,"breast cancer",,,,,,,,,,"Dietary exposure to cadmium and risk of breast cancer",,1,"projTutoBreastCan","2024-02-02"
,"26468451",,,"kenya",,,,,,,,,,,,,,1,"projTutoBreastCan","2024-02-02"
,"26387598",,,"united states",,"invasive breast cancer",,,,,,,,,,"Active and passive cigarette smoking and mortality",,1,"projTutoBreastCan","2024-02-02"
,"26320441",,,"mali, india",,,,,,,,,,,,,,1,"projTutoBreastCan","2024-02-02"
,"26243489",,,"australia, wales",,,,,,,,,,,,,,1,"projTutoBreastCan","2024-02-02"
,"26230318",,,"",,,,,,,,,,,,,,1,"projTutoBreastCan","2024-02-02"
,"26222081",,,"",,,,,,,,,,,,,,1,"projTutoBreastCan","2024-02-02"
,"26212257",,,"",,,,,,,,,,,,,,1,"projTutoBreastCan","2024-02-02"
,"26206984",,,"",,,,,,,,,,,,,,1,"projTutoBreastCan","2024-02-02"
,"26189937",,,"united states, mexico",,,,,,,,,,,,,,1,"projTutoBreastCan","2024-02-02"
,"26164654",,,"",,,,,,,,,,,,,,1,"projTutoBreastCan","2024-02-02"
,"26101063",,,"mali",,,,,,,,,,,,,,1,"projTutoBreastCan","2024-02-02"
,"26071537",,,"belgium",,,,,,,,,,,,,,1,"projTutoBreastCan","2024-02-02"
,"26059936",,,"",,,,,,,,,,,,,,1,"projTutoBreastCan","2024-02-02"
,"26045839",,"325","",,"ERCC5 gene polymorphisms",,,,,,,,,,"breast cancer",,1,"projTutoBreastCan","2024-02-02"
,"26045128",,,"italy",,,,,,,,,,,,,,1,"projTutoBreastCan","2024-02-02"
,"25987091",,,"",,,,,,,,,,,,,,1,"projTutoBreastCan","2024-02-02"
,"25986726",,,"mali",,,,,,,,,,,,,,1,"projTutoBreastCan","2024-02-02"
,"25976280",,,"portugal",,,,,,,,,,,,,,1,"projTutoBreastCan","2024-02-02"
,"25943069",,,"united arab emirates, saudi arabia, kuwait",,,,,,,,,,,,,,1,"projTutoBreastCan","2024-02-02"
,"25915759",,"877","china",,"passive smoking exposure",,,,,,,,,,"Passive Smoking and Breast Cancer",,1,"projTutoBreastCan","2024-02-02"
,"25890797",,,"denmark",,,,,,,,,,,,,,1,"projTutoBreastCan","2024-02-02"
,"25880216",,,"united states",,,,,,,,,,,,,,1,"projTutoBreastCan","2024-02-02"
,"25802360",,,"",,,,,,,,,,,,,,1,"projTutoBreastCan","2024-02-02"
,"25801899",,,"germany",,,,,,,,,,,,,,1,"projTutoBreastCan","2024-02-02"
,"25785638",,,"",,,,,,,,,,,,,,1,"projTutoBreastCan","2024-02-02"
,"25774520",,,"saudi arabia",,,,,,,,,,,,,,1,"projTutoBreastCan","2024-02-02"
,"25773754",,,"greece, sweden, united states",,,,,,,,,,,,,,1,"projTutoBreastCan","2024-02-02"
,"25740885",,"1493","australia",,"maternal cigarette smoking",,,,,,,,,,"Prenatal smoking and age",,1,"projTutoBreastCan","2024-02-02"
,"25713150",,,"mali, united states",,,,,,,,,,,,,,1,"projTutoBreastCan","2024-02-02"
,"25672657",,,"",,,,,,,,,,,,,,1,"projTutoBreastCan","2024-02-02"
,"25651787",,,"",,,,,,,,,,,,,,1,"projTutoBreastCan","2024-02-02"
,"25645582",,,"japan",,,,,,,,,,,,,,1,"projTutoBreastCan","2024-02-02"
,"25623772",,"17402","",,"breast cancer",,,,,,,,,,"non-diabetic females",,1,"projTutoBreastCan","2024-02-02"
,"25616561",,,"china",,,,,,,,,,,,,,1,"projTutoBreastCan","2024-02-02"
,"25592579",,,"",,,,,,,,,,,,,,1,"projTutoBreastCan","2024-02-02"
,"25535943",,,"",,,,,,,,,,,,,,1,"projTutoBreastCan","2024-02-02"
,"25515550",,,"united states",,"alcohol",,,,,,,,,,"Tobacco and alcohol",,1,"projTutoBreastCan","2024-02-02"
,"25514806",,,"france",,,,,,,,,,,,,,1,"projTutoBreastCan","2024-02-02"
,"25335898",,,"china",,,,,,,,,,,,,,1,"projTutoBreastCan","2024-02-02"
,"25307527",,"89","canada",,"active cigarette smoking",,,,,,,,,,"Active cigarette smoking",,1,"projTutoBreastCan","2024-02-02"
,"25294069",,,"china",,,,,,,,,,,,,,1,"projTutoBreastCan","2024-02-02"
,"25271096",,"618","canada",,"cigarette smoke",,,,,,,,,,"cigarette smoke and breast cancer",,1,"projTutoBreastCan","2024-02-02"
,"25227850",,,"thailand",,,,,,,,,,,,,,1,"projTutoBreastCan","2024-02-02"
,"25225034",,,"united states",,"breast cancer",,,,,,,,,,"breast cancer",,1,"projTutoBreastCan","2024-02-02"
,"25186013",,,"cuba",,,,,,,,,,,,,,1,"projTutoBreastCan","2024-02-02"
,"25113657",,,"egypt",,,,,,,,,,,,,,1,"projTutoBreastCan","2024-02-02"
,"25109215",,,"canada",,,,,,,,,,,,,,1,"projTutoBreastCan","2024-02-02"
,"25081690",,,"mexico",,,,,,,,,,,,,,1,"projTutoBreastCan","2024-02-02"
,"25072165",,,"",,,,,,,,,,,,,,1,"projTutoBreastCan","2024-02-02"
,"25067940",,,"germany",,,,,,,,,,,,,,1,"projTutoBreastCan","2024-02-02"
,"25053627",,,"mali",,,,,,,,,,,,,,1,"projTutoBreastCan","2024-02-02"
,"25052559",,,"canada",,,,,,,,,,,,,,1,"projTutoBreastCan","2024-02-02"
,"25017248",,,"",,,,,,,,,,,,,,1,"projTutoBreastCan","2024-02-02"
,"24992957",,,"",,,,,,,,,,,,,,1,"projTutoBreastCan","2024-02-02"
,"24969319",,,"vietnam",,,,,,,,,,,,,,1,"projTutoBreastCan","2024-02-02"
,"24950597",,"3340","germany",,"smoking",,,,,,,,,,"smoking behaviour",,1,"projTutoBreastCan","2024-02-02"
,"24932579",,,"",,,,,,,,,,,,,,1,"projTutoBreastCan","2024-02-02"
,"24929357",,,"canada",,"Active cigarette smoking",,,,,,,,,,"Active cigarette smoking",,1,"projTutoBreastCan","2024-02-02"
,"24907637",,,"canada, mexico, costa rica, brazil, colombia, venezuela, cuba",,,,,,,,,,,,,,1,"projTutoBreastCan","2024-02-02"
,"24871563",,,"argentina",,"Tobacco smoking patterns",,,,,,,,,,"Tobacco smoking patterns",,1,"projTutoBreastCan","2024-02-02"
,"24866166",,"312","china",,"Passive smoking exposure",,,,,,,,,,"Passive smoking exposure",,1,"projTutoBreastCan","2024-02-02"
,"24831616",,,"china",,"obesity",,,,,,,,,,"Body mass index and cancer",,1,"projTutoBreastCan","2024-02-02"
,"24823992",,,"china",,"breast cancer",,,,,,,,,,"Active and passive smoking",,1,"projTutoBreastCan","2024-02-02"
,"24798214",,,"",,,,,,,,,,,,,,1,"projTutoBreastCan","2024-02-02"
,"24791559",,,"mali, israel",,,,,,,,,,,,,,1,"projTutoBreastCan","2024-02-02"
,"24745601",,,"canada",,"Smoking",,,,,,,,,,"Smoking",,1,"projTutoBreastCan","2024-02-02"
,"24738030",,,"",,,,,,,,,,,,,,1,"projTutoBreastCan","2024-02-02"
,"24703730",,,"",,,,,,,,,,,,,,1,"projTutoBreastCan","2024-02-02"
,"24670926",,,"united states",,,,,,,,,,,,,,1,"projTutoBreastCan","2024-02-02"
,"24668500",,,"",,,,,,,,,,,,,,1,"projTutoBreastCan","2024-02-02"
,"24604328",,"204","india",,"breast cancer",,,,,,,,,,"breast cancer",,1,"projTutoBreastCan","2024-02-02"
,"24590452",,,"",,"breast cancer",,,,,,,,,,"Active and passive cigarette smoking",,1,"projTutoBreastCan","2024-02-02"
,"24582975",,,"",,,,,,,,,,,,,,1,"projTutoBreastCan","2024-02-02"
,"29509465",,,"",,,,,,,,,,,,,,1,"projTutoBreastCan","2024-02-02"
,"24569437",,,"united states",,,,,,,,,,,,,,1,"projTutoBreastCan","2024-02-02"
,"24516791",,,"japan",,,,,,,,,,,,,,1,"projTutoBreastCan","2024-02-02"
,"24515648",,,"",,,,,,,,,,,,,,1,"projTutoBreastCan","2024-02-02"
,"24502868",,,"china",,,,,,,,,,,,,,1,"projTutoBreastCan","2024-02-02"
,"24467951",,,"india",,,,,,,,,,,,,,1,"projTutoBreastCan","2024-02-02"
,"24455659",,,"bangladesh",,,,,,,,,,,,,,1,"projTutoBreastCan","2024-02-02"
,"24420985",,,"united states",,,,,,,,,,,,,,1,"projTutoBreastCan","2024-02-02"
,"24326101",,"1498","",,"cigarette smoke",,,,,,,,,,"cigarette smoke and breast cancer",,1,"projTutoBreastCan","2024-02-02"
,"24320585",,,"japan, china",,,,,,,,,,,,,,1,"projTutoBreastCan","2024-02-02"
,"24308682",,,"italy, switzerland",,,,,,,,,,,,,,1,"projTutoBreastCan","2024-02-02"
,"29147364",,,"chinese, american",,,,,,,,,,,,,,1,"projTutoBreastCan","2024-02-02"
,"24163419",,,"bangladesh, mali",,,,,,,,,,,,,,1,"projTutoBreastCan","2024-02-02"
,"24114491",,,"",,,,,,,,,,,,,,1,"projTutoBreastCan","2024-02-02"
,"24099783",,,"mali, india",,,,,,,,,,,,,,1,"projTutoBreastCan","2024-02-02"
,"23919753",,,"",,,,,,,,,,,,,,1,"projTutoBreastCan","2024-02-02"
,"23863824",,,"mali, denmark",,,,,,,,,,,,,,1,"projTutoBreastCan","2024-02-02"
,"23803116",,,"turkey",,,,,,,,,,,,,,1,"projTutoBreastCan","2024-02-02"
,"23740137",,,"spain",,,,,,,,,,,,,,1,"projTutoBreastCan","2024-02-02"
,"23683933",,,"",,,,,,,,,,,,,,1,"projTutoBreastCan","2024-02-02"
,"23668584",,,"australia, canada, norway, mali, united kingdom",,,,,,,,,,,,,,1,"projTutoBreastCan","2024-02-02"
,"23665934",,,"mali",,,,,,,,,,,,,,1,"projTutoBreastCan","2024-02-02"
,"23646186",,,"new zealand",,"Cigarette smoking",,,,,,,,,,"Cigarette smoking",,1,"projTutoBreastCan","2024-02-02"
,"23633026",,,"norway",,"smoking",,,,,,,,,,"Smoking duration",,1,"projTutoBreastCan","2024-02-02"
,"23613808",,,"",,,,,,,,,,,,,,1,"projTutoBreastCan","2024-02-02"
,"23572370",,"8","china",,"tobacco",,,,,,,,,,"breast cancer",,1,"projTutoBreastCan","2024-02-02"
,"23532889",,"219","",,"tobacco use",,,,,,,,,,"esophageal squamous cell carcinoma",,1,"projTutoBreastCan","2024-02-02"
,"23493744",,,"japan",,,,,,,,,,,,,,1,"projTutoBreastCan","2024-02-02"
,"23469190",,,"scotland, united states",,,,,,,,,,,,,,1,"projTutoBreastCan","2024-02-02"
,"23435833",,,"mali",,,,,,,,,,,,,,1,"projTutoBreastCan","2024-02-02"
,"23392559",,,"germany",,,,,,,,,,,,,,1,"projTutoBreastCan","2024-02-02"
,"23388463",,,"",,,,,,,,,,,,,,1,"projTutoBreastCan","2024-02-02"
,"23371556",,,"china",,,,,,,,,,,,,,1,"projTutoBreastCan","2024-02-02"
,"23357706",,,"",,,,,,,,,,,,,,1,"projTutoBreastCan","2024-02-02"
,"23349345",,"179","",,"hypertension, hypercholesterolaemia, diabetes mellitus, smoke",,,,,,,,,,"cardiotoxicity in early breast cancer",,1,"projTutoBreastCan","2024-02-02"
,"23317023",,,"laos",,,,,,,,,,,,,,1,"projTutoBreastCan","2024-02-02"
,"23289364",,,"botswana",,,,,,,,,,,,,,1,"projTutoBreastCan","2024-02-02"
,"24977098",,,"albania",,,,,,,,,,,,,,1,"projTutoBreastCan","2024-02-02"
,"23265703",,,"malta, bulgaria, croatia, romania, serbia, turkey",,,,,,,,,,,,,,1,"projTutoBreastCan","2024-02-02"
,"23244678",,,"denmark",,,,,,,,,,,,,,1,"projTutoBreastCan","2024-02-02"
,"23235749",,,"italy",,,,,,,,,,,,,,1,"projTutoBreastCan","2024-02-02"
,"23225983",,,"",,,,,,,,,,,,,,1,"projTutoBreastCan","2024-02-02"
,"23179580",,,"canada, united states",,,,,,,,,,,,,,1,"projTutoBreastCan","2024-02-02"
,"23175441",,,"",,,,,,,,,,,,,,1,"projTutoBreastCan","2024-02-02"
,"23053660",,"2265","",,"Smoking",,,,,,,,,,"Smoking",,1,"projTutoBreastCan","2024-02-02"
,"22910516",,,"jordan",,,,,,,,,,,,,,1,"projTutoBreastCan","2024-02-02"
,"22825700",,,"",,"alcohol consumption",,,,,,,,,,"breast cancer",,1,"projTutoBreastCan","2024-02-02"
,"22781435",,,"",,,,,,,,,,,,,,1,"projTutoBreastCan","2024-02-02"
,"22724906",,,"united states",,,,,,,,,,,,,,1,"projTutoBreastCan","2024-02-02"
,"22678157",,,"",,,,,,,,,,,,,,1,"projTutoBreastCan","2024-02-02"
,"22661171",,,"",,,,,,,,,,,,,,1,"projTutoBreastCan","2024-02-02"
,"22631658",,,"mexico",,"breast cancer",,,,,,,,,,"breast cancer",,1,"projTutoBreastCan","2024-02-02"
,"22623597",,,"united states",,,,,,,,,,,,,,1,"projTutoBreastCan","2024-02-02"
,"22550242",,,"united states, mali",,,,,,,,,,,,,,1,"projTutoBreastCan","2024-02-02"
,"22522745",,,"spain",,,,,,,,,,,,,,1,"projTutoBreastCan","2024-02-02"
,"22514981",,,"france",,,,,,,,,,,,,,1,"projTutoBreastCan","2024-02-02"
,"22495696",,,"italy",,,,,,,,,,,,,,1,"projTutoBreastCan","2024-02-02"
,"22465873",,"24697","denmark",,"acrylamide exposure",,,,,,,,,,"postmenopausal Danish women",,1,"projTutoBreastCan","2024-02-02"
,"22389335",,,"mexico",,,,,,,,,,,,,,1,"projTutoBreastCan","2024-02-02"
,"22330036",,,"",,,,,,,,,,,,,,1,"projTutoBreastCan","2024-02-02"
,"22296395",,,"iran",,,,,,,,,,,,,,1,"projTutoBreastCan","2024-02-02"
,"22292665",,"50","india",,"breast cancer susceptibility",,,,,,,,,,"breast cancer",,1,"projTutoBreastCan","2024-02-02"
,"22252462",,,"",,,,,,,,,,,,,,1,"projTutoBreastCan","2024-02-02"
,"22247046",,,"canada",,,,,,,,,,,,,,1,"projTutoBreastCan","2024-02-02"
,"22225646",,,"",,,,,,,,,,,,,,1,"projTutoBreastCan","2024-02-02"
,"22197546",,,"",,,,,,,,,,,,,,1,"projTutoBreastCan","2024-02-02"
,"22158327",,,"united kingdom",,,,,,,,,,,,,,1,"projTutoBreastCan","2024-02-02"
,"23378890",,,"",,,,,,,,,,,,,,1,"projTutoBreastCan","2024-02-02"
,"22126581",,,"india",,,,,,,,,,,,,,1,"projTutoBreastCan","2024-02-02"
,"22085699",,,"mali",,,,,,,,,,,,,,1,"projTutoBreastCan","2024-02-02"
,"22074863",,,"",,"tobacco smoking",,,,,,,,,,"tobacco smoking",,1,"projTutoBreastCan","2024-02-02"
,"22072616",,,"",,,,,,,,,,,,,,1,"projTutoBreastCan","2024-02-02"
,"22020871",,,"australia",,"low BMI",,,,,,,,,,"breast cancers",,1,"projTutoBreastCan","2024-02-02"
,"21893614",,,"united states",,,,,,,,,,,,,,1,"projTutoBreastCan","2024-02-02"
,"21864055",,,"",,,,,,,,,,,,,,1,"projTutoBreastCan","2024-02-02"
,"21835673",,,"",,,,,,,,,,,,,,1,"projTutoBreastCan","2024-02-02"
,"21807832",,,"united states",,,,,,,,,,,,,,1,"projTutoBreastCan","2024-02-02"
,"21790331",,,"",,,,,,,,,,,,,,1,"projTutoBreastCan","2024-02-02"
,"21775827",,,"",,,,,,,,,,,,,,1,"projTutoBreastCan","2024-02-02"
,"21762241",,,"united states",,,,,,,,,,,,,,1,"projTutoBreastCan","2024-02-02"
,"21739895",,,"",,,,,,,,,,,,,,1,"projTutoBreastCan","2024-02-02"
,"21719745",,,"mali",,"tobacco carcinogens",,,,,,,,,,"Smoking",,1,"projTutoBreastCan","2024-02-02"
,"21717195",,,"new zealand",,,,,,,,,,,,,,1,"projTutoBreastCan","2024-02-02"
,"21695746",,,"united states",,,,,,,,,,,,,,1,"projTutoBreastCan","2024-02-02"
,"21655952",,,"",,,,,,,,,,,,,,1,"projTutoBreastCan","2024-02-02"
,"21627721",,,"australia, wales",,,,,,,,,,,,,,1,"projTutoBreastCan","2024-02-02"
,"21624009",,,"japan",,,,,,,,,,,,,,1,"projTutoBreastCan","2024-02-02"
,"21499107",,,"italy",,,,,,,,,,,,,,1,"projTutoBreastCan","2024-02-02"
,"21455582",,,"",,,,,,,,,,,,,,1,"projTutoBreastCan","2024-02-02"
,"21445251",,,"",,"cancers",,,,,,,,,,"cancers",,1,"projTutoBreastCan","2024-02-02"
,"21443483",,,"",,"neoplasms",,,,,,,,,,"Olive oil and cancer",,1,"projTutoBreastCan","2024-02-02"
,"21390232",,,"",,,,,,,,,,,,,,1,"projTutoBreastCan","2024-02-02"
,"21373874",,"3584","spain",,"alcohol",,,,,,,,,,"Alcohol, tobacco",,1,"projTutoBreastCan","2024-02-02"
,"21371177",,,"",,,,,,,,,,,,,,1,"projTutoBreastCan","2024-02-02"
,"21363865",,,"",,,,,,,,,,,,,,1,"projTutoBreastCan","2024-02-02"
,"22953181",,,"",,,,,,,,,,,,,,1,"projTutoBreastCan","2024-02-02"
,"21338224",,,"turkey",,,,,,,,,,,,,,1,"projTutoBreastCan","2024-02-02"
,"21335508",,"1000","mexico",,"common lifestyle patterns",,,,,,,,,,"Healthy lifestyle",,1,"projTutoBreastCan","2024-02-02"
,"21312312",,,"",,,,,,,,,,,,,,1,"projTutoBreastCan","2024-02-02"
,"21311913",,,"",,,,,,,,,,,,,,1,"projTutoBreastCan","2024-02-02"
,"21303329",,,"vietnam",,,,,,,,,,,,,,1,"projTutoBreastCan","2024-02-02"
,"21296855",,,"",,,,,,,,,,,,,,1,"projTutoBreastCan","2024-02-02"
,"21272620",,,"",,,,,,,,,,,,,,1,"projTutoBreastCan","2024-02-02"
,"21263102",,"111140","",,"smoking",,,,,,,,,,"Cigarette smoking",,1,"projTutoBreastCan","2024-02-02"
,"21246565",,"358","india",,"obesity",,,,,,,,,,"Obesity",,1,"projTutoBreastCan","2024-02-02"
,"27820540",,,"united kingdom",,,,,,,,,,,,,,1,"projTutoBreastCan","2024-02-02"
,"21148114",,,"canada",,,,,,,,,,,,,,1,"projTutoBreastCan","2024-02-02"
,"21132395",,,"",,"tobacco use",,,,,,,,,,"cancer",,1,"projTutoBreastCan","2024-02-02"
,"21130370",,,"",,,,,,,,,,,,,,1,"projTutoBreastCan","2024-02-02"
,"21121407",,,"",,,,,,,,,,,,,,1,"projTutoBreastCan","2024-02-02"
,"21119514",,,"",,,,,,,,,,,,,,1,"projTutoBreastCan","2024-02-02"
,"21080951",,,"",,,,,,,,,,,,,,1,"projTutoBreastCan","2024-02-02"
,"20935521",,,"",,,,,,,,,,,,,,1,"projTutoBreastCan","2024-02-02"
,"20935133",,,"",,,,,,,,,,,,,,1,"projTutoBreastCan","2024-02-02"
,"20801474",,,"",,,,,,,,,,,,,,1,"projTutoBreastCan","2024-02-02"
,"20733118",,,"united states",,,,,,,,,,,,,,1,"projTutoBreastCan","2024-02-02"
,"20728566",,,"india",,,,,,,,,,,,,,1,"projTutoBreastCan","2024-02-02"
,"20591176",,,"",,,,,,,,,,,,,,1,"projTutoBreastCan","2024-02-02"
,"20566537",,,"",,,,,,,,,,,,,,1,"projTutoBreastCan","2024-02-02"
,"20515954",,,"united states",,,,,,,,,,,,,,1,"projTutoBreastCan","2024-02-02"
,"20491527",,,"denmark, finland, iceland, norway, sweden",,,,,,,,,,,,,,1,"projTutoBreastCan","2024-02-02"
,"20443785",,,"",,,,,,,,,,,,,,1,"projTutoBreastCan","2024-02-02"
,"20429724",,,"denmark, finland, iceland, norway, sweden",,,,,,,,,,,,,,1,"projTutoBreastCan","2024-02-02"
,"20424618",,,"united kingdom",,,,,,,,,,,,,,1,"projTutoBreastCan","2024-02-02"
,"20354237",,,"united kingdom",,,,,,,,,,,,,,1,"projTutoBreastCan","2024-02-02"
,"20306160",,,"turkey",,,,,,,,,,,,,,1,"projTutoBreastCan","2024-02-02"
,"20219890",,,"",,,,,,,,,,,,,,1,"projTutoBreastCan","2024-02-02"
,"20214974",,,"",,,,,,,,,,,,,,1,"projTutoBreastCan","2024-02-02"
,"20110285",,,"",,,,,,,,,,,,,,1,"projTutoBreastCan","2024-02-02"
,"20080807",,,"",,,,,,,,,,,,,,1,"projTutoBreastCan","2024-02-02"
,"20074904",,,"france",,,,,,,,,,,,,,1,"projTutoBreastCan","2024-02-02"
,"21495585",,,"pakistan, mali",,,,,,,,,,,,,,1,"projTutoBreastCan","2024-02-02"
,"20015611",,,"",,,,,,,,,,,,,,1,"projTutoBreastCan","2024-02-02"
,"19999266",,,"",,,,,,,,,,,,,,1,"projTutoBreastCan","2024-02-02"
,"19996973",,,"germany",,"tobacco smoking",,,,,,,,,,"exposure",,1,"projTutoBreastCan","2024-02-02"
,"19995644",,,"united states",,,,,,,,,,,,,,1,"projTutoBreastCan","2024-02-02"
,"19959687",,"57523","",,"breast cancer",,,,,,,,,,"Passive smoking",,1,"projTutoBreastCan","2024-02-02"
,"19948741",,,"russia, romania",,,,,,,,,,,,,,1,"projTutoBreastCan","2024-02-02"
,"25865730",,,"zambia",,,,,,,,,,,,,,1,"projTutoBreastCan","2024-02-02"
,"19925375",,,"denmark, finland, iceland, norway, sweden",,,,,,,,,,,,,,1,"projTutoBreastCan","2024-02-02"
,"19921817",,,"united states",,,,,,,,,,,,,,1,"projTutoBreastCan","2024-02-02"
,"19915951",,,"united states",,,,,,,,,,,,,,1,"projTutoBreastCan","2024-02-02"
,"19913184",,,"united states",,,,,,,,,,,,,,1,"projTutoBreastCan","2024-02-02"
,"19806273",,,"denmark",,,,,,,,,,,,,,1,"projTutoBreastCan","2024-02-02"
,"19692670",,,"united states",,"smoking",,,,,,,,,,"breast cancer",,1,"projTutoBreastCan","2024-02-02"
,"21483301",,,"cuba",,,,,,,,,,,,,,1,"projTutoBreastCan","2024-02-02"
,"19533391",,,"",,"tobacco smoke exposure",,,,,,,,,,"tobacco smoke exposure and breast cancer",,1,"projTutoBreastCan","2024-02-02"
,"19526139",,,"",,,,,,,,,,,,,,1,"projTutoBreastCan","2024-02-02"
,"19392617",,,"",,,,,,,,,,,,,,1,"projTutoBreastCan","2024-02-02"
,"19380086",,,"",,,,,,,,,,,,,,1,"projTutoBreastCan","2024-02-02"
,"19268350",,,"israel",,,,,,,,,,,,,,1,"projTutoBreastCan","2024-02-02"
,"19259864",,,"united states",,,,,,,,,,,,,,1,"projTutoBreastCan","2024-02-02"
,"19229861",,,"",,,,,,,,,,,,,,1,"projTutoBreastCan","2024-02-02"
,"19222858",,"12768","",,"tobacco smoke exposure",,,,,,,,,,"Age of smoking initiation",,1,"projTutoBreastCan","2024-02-02"
,"19204611",,,"mali",,,,,,,,,,,,,,1,"projTutoBreastCan","2024-02-02"
,"19167920",,,"",,,,,,,,,,,,,,1,"projTutoBreastCan","2024-02-02"
,"19111024",,,"iran, mali",,,,,,,,,,,,,,1,"projTutoBreastCan","2024-02-02"
,"19107428",,,"",,,,,,,,,,,,,,1,"projTutoBreastCan","2024-02-02"
,"19103657",,,"switzerland",,,,,,,,,,,,,,1,"projTutoBreastCan","2024-02-02"
,"19005969",,,"",,,,,,,,,,,,,,1,"projTutoBreastCan","2024-02-02"
,"18990005",,,"japan",,,,,,,,,,,,,,1,"projTutoBreastCan","2024-02-02"
,"18854828",,"132","",,"cancer",,,,,,,,,,"cancer",,1,"projTutoBreastCan","2024-02-02"
,"18842621",,,"",,,,,,,,,,,,,,1,"projTutoBreastCan","2024-02-02"
,"18809054",,,"",,,,,,,,,,,,,,1,"projTutoBreastCan","2024-02-02"
,"18755257",,,"",,,,,,,,,,,,,,1,"projTutoBreastCan","2024-02-02"
,"18697503",,,"mali",,,,,,,,,,,,,,1,"projTutoBreastCan","2024-02-02"
,"18664734",,,"",,"smoking rate",,,,,,,,,,"widowed women",,1,"projTutoBreastCan","2024-02-02"
,"18620559",,,"nigeria",,,,,,,,,,,,,,1,"projTutoBreastCan","2024-02-02"
,"18557596",,,"united states",,,,,,,,,,,,,,1,"projTutoBreastCan","2024-02-02"
,"18544745",,,"united states",,,,,,,,,,,,,,1,"projTutoBreastCan","2024-02-02"
,"18544575",,"224917","united kingdom",,"tobacco smoke",,,,,,,,,,"Passive smoking and breast cancer",,1,"projTutoBreastCan","2024-02-02"
,"18518960",,,"",,,,,,,,,,,,,,1,"projTutoBreastCan","2024-02-02"
,"18483851",,,"",,"smoking",,,,,,,,,,"Smoking",,1,"projTutoBreastCan","2024-02-02"
,"18451370",,,"united states",,,,,,,,,,,,,,1,"projTutoBreastCan","2024-02-02"
,"18443503",,,"",,,,,,,,,,,,,,1,"projTutoBreastCan","2024-02-02"
,"18403857",,"34401","japan",,"Active smoking",,,,,,,,,,"Active smoking",,1,"projTutoBreastCan","2024-02-02"
,"18386072",,,"japan",,,,,,,,,,,,,,1,"projTutoBreastCan","2024-02-02"
,"18307048",,,"india",,,,,,,,,,,,,,1,"projTutoBreastCan","2024-02-02"
,"18289367",,,"denmark",,,,,,,,,,,,,,1,"projTutoBreastCan","2024-02-02"
,"18281267",,,"",,,,,,,,,,,,,,1,"projTutoBreastCan","2024-02-02"
,"18264132",,,"",,,,,,,,,,,,,,1,"projTutoBreastCan","2024-02-02"
,"18230564",,,"france",,,,,,,,,,,,,,1,"projTutoBreastCan","2024-02-02"
,"18225547",,,"",,,,,,,,,,,,,,1,"projTutoBreastCan","2024-02-02"
,"18182169",,,"",,"younger",,,,,,,,,,"breast cancer",,1,"projTutoBreastCan","2024-02-02"
,"17987912",,,"india, united states",,"female lung cancer",,,,,,,,,,"racial",,1,"projTutoBreastCan","2024-02-02"
,"17972172",,"5","",,"smoking",,,,,,,,,,"Smoking",,1,"projTutoBreastCan","2024-02-02"
,"17939129",,,"india, united states",,,,,,,,,,,,,,1,"projTutoBreastCan","2024-02-02"
,"17922186",,"507","thailand",,"breast cancer",,,,,,,,,,"Polymorphisms in three base excision repair genes and breast cancer",,1,"projTutoBreastCan","2024-02-02"
,"17912704",,,"cuba",,,,,,,,,,,,,,1,"projTutoBreastCan","2024-02-02"
,"17899872",,,"italy",,,,,,,,,,,,,,1,"projTutoBreastCan","2024-02-02"
,"17885936",,,"united states",,,,,,,,,,,,,,1,"projTutoBreastCan","2024-02-02"
,"17701750",,"507","mali, thailand",,"breast cancer",,,,,,,,,,"breast cancer",,1,"projTutoBreastCan","2024-02-02"
,"17653854",,,"",,,,,,,,,,,,,,1,"projTutoBreastCan","2024-02-02"
,"17640996",,,"",,,,,,,,,,,,,,1,"projTutoBreastCan","2024-02-02"
,"17601487",,,"united states",,"breast cancer",,,,,,,,,,"Hair dye use",,1,"projTutoBreastCan","2024-02-02"
,"17594514",,"15","india, united states",,"smoking",,,,,,,,,,"Active and passive smoking",,1,"projTutoBreastCan","2024-02-02"
,"17549370",,"92","",,"breast cancer",,,,,,,,,,"smoking",,1,"projTutoBreastCan","2024-02-02"
,"21432063",,,"malaysia",,"low selenium serum level",,,,,,,,,,"Serum selenium level and other risk factors for breast cancer",,1,"projTutoBreastCan","2024-02-02"
,"17444420",,,"mali",,,,,,,,,,,,,,1,"projTutoBreastCan","2024-02-02"
,"17439557",,,"",,,,,,,,,,,,,,1,"projTutoBreastCan","2024-02-02"
,"17426039",,"56","united states",,"Smoking cigarettes",,,,,,,,,,"Smoking cigarettes before first childbirth and risk of breast cancer",,1,"projTutoBreastCan","2024-02-02"
,"17395485",,"1273","",,"smokers",,,,,,,,,,"Active and passive cigarette smoke",,1,"projTutoBreastCan","2024-02-02"
,"17353967",,,"norway, mali",,,,,,,,,,,,,,1,"projTutoBreastCan","2024-02-02"
,"17287242",,,"",,,,,,,,,,,,,,1,"projTutoBreastCan","2024-02-02"
,"17282972",,,"taiwan",,,,,,,,,,,,,,1,"projTutoBreastCan","2024-02-02"
,"17268706",,"15","iran",,"smoking",,,,,,,,,,"smoking",,1,"projTutoBreastCan","2024-02-02"
,"17259657",,"502","united states",,"cigarette smoking",,,,,,,,,,"cigarette smoking",,1,"projTutoBreastCan","2024-02-02"
,"17227578",,,"italy",,,,,,,,,,,,,,1,"projTutoBreastCan","2024-02-02"
,"17224937",,,"spain",,,,,,,,,,,,,,1,"projTutoBreastCan","2024-02-02"
,"17063266",,,"finland",,"smoking",,,,,,,,,,"smoking",,1,"projTutoBreastCan","2024-02-02"
,"17057027",,,"",,,,,,,,,,,,,,1,"projTutoBreastCan","2024-02-02"
,"17050342",,,"united states",,"Environmental tobacco smoke exposure",,,,,,,,,,"Environmental tobacco smoke exposure",,1,"projTutoBreastCan","2024-02-02"
,"17027075",,,"",,,,,,,,,,,,,,1,"projTutoBreastCan","2024-02-02"
,"17010186",,,"mali",,,,,,,,,,,,,,1,"projTutoBreastCan","2024-02-02"
,"16999712",,,"united states",,,,,,,,,,,,,,1,"projTutoBreastCan","2024-02-02"
,"16927453",,,"",,,,,,,,,,,,,,1,"projTutoBreastCan","2024-02-02"
,"16924830",,,"",,,,,,,,,,,,,,1,"projTutoBreastCan","2024-02-02"
,"16924228",,,"mali",,,,,,,,,,,,,,1,"projTutoBreastCan","2024-02-02"
,"16922636",,,"mali",,,,,,,,,,,,,,1,"projTutoBreastCan","2024-02-02"
,"16848862",,,"",,,,,,,,,,,,,,1,"projTutoBreastCan","2024-02-02"
,"16839208",,,"india",,,,,,,,,,,,,,1,"projTutoBreastCan","2024-02-02"
,"16800404",,,"united states",,,,,,,,,,,,,,1,"projTutoBreastCan","2024-02-02"
,"16788160",,"246","united states",,"Cadmium exposure and breast cancer",,,,,,,,,,"Cadmium exposure and breast cancer",,1,"projTutoBreastCan","2024-02-02"
,"16766567",,,"japan",,,,,,,,,,,,,,1,"projTutoBreastCan","2024-02-02"
,"16755941",,,"ireland",,,,,,,,,,,,,,1,"projTutoBreastCan","2024-02-02"
,"16755290",,"138885","sweden",,"breast cancer",,,,,,,,,,"breast cancer",,1,"projTutoBreastCan","2024-02-02"
,"16736370",,,"united states",,,,,,,,,,,,,,1,"projTutoBreastCan","2024-02-02"
,"16721725",,"45","poland",,"Tobacco smoking",,,,,,,,,,"Tobacco smoking",,1,"projTutoBreastCan","2024-02-02"
,"16720700",,,"mali",,,,,,,,,,,,,,1,"projTutoBreastCan","2024-02-02"
,"16648046",,,"",,,,,,,,,,,,,,1,"projTutoBreastCan","2024-02-02"
,"16629512",,,"india",,,,,,,,,,,,,,1,"projTutoBreastCan","2024-02-02"
,"16624829",,,"",,"breast cancer",,,,,,,,,,"breast cancer",,1,"projTutoBreastCan","2024-02-02"
,"16614098",,,"",,"smoking",,,,,,,,,,"cigarette smoking",,1,"projTutoBreastCan","2024-02-02"
,"16612770",,,"iraq",,,,,,,,,,,,,,1,"projTutoBreastCan","2024-02-02"
,"16548217",,,"ireland",,,,,,,,,,,,,,1,"projTutoBreastCan","2024-02-02"
,"16533237",,,"mali",,,,,,,,,,,,,,1,"projTutoBreastCan","2024-02-02"
,"16510609",,,"chinese, american",,,,,,,,,,,,,,1,"projTutoBreastCan","2024-02-02"
,"16474179",,,"",,,,,,,,,,,,,,1,"projTutoBreastCan","2024-02-02"
,"16417624",,,"",,,,,,,,,,,,,,1,"projTutoBreastCan","2024-02-02"
,"16399377",,,"",,,,,,,,,,,,,,1,"projTutoBreastCan","2024-02-02"
,"16392670",,,"",,,,,,,,,,,,,,1,"projTutoBreastCan","2024-02-02"
,"16289388",,,"united states",,,,,,,,,,,,,,1,"projTutoBreastCan","2024-02-02"
,"16283945",,,"india, pakistan, bangladesh, sri lanka",,,,,,,,,,,,,,1,"projTutoBreastCan","2024-02-02"
,"16280050",,"483","finland",,"smoking women",,,,,,,,,,"smoking",,1,"projTutoBreastCan","2024-02-02"
,"16234513",,"116","sweden",,"lung cancer",,,,,,,,,,"breast cancer",,1,"projTutoBreastCan","2024-02-02"
,"16141802",,,"finland",,,,,,,,,,,,,,1,"projTutoBreastCan","2024-02-02"
,"16136773",,,"hungary",,,,,,,,,,,,,,1,"projTutoBreastCan","2024-02-02"
,"16135944",,,"canada",,,,,,,,,,,,,,1,"projTutoBreastCan","2024-02-02"
,"16086375",,,"",,,,,,,,,,,,,,1,"projTutoBreastCan","2024-02-02"
,"16086235",,,"",,,,,,,,,,,,,,1,"projTutoBreastCan","2024-02-02"
,"16085690",,,"switzerland",,,,,,,,,,,,,,1,"projTutoBreastCan","2024-02-02"
,"16049807",,,"united states",,"Secondhand smoke exposure",,,,,,,,,,"Secondhand smoke exposure",,1,"projTutoBreastCan","2024-02-02"
,"15987434",,,"",,,,,,,,,,,,,,1,"projTutoBreastCan","2024-02-02"
,"15986119",,,"",,,,,,,,,,,,,,1,"projTutoBreastCan","2024-02-02"
,"15967026",,,"",,,,,,,,,,,,,,1,"projTutoBreastCan","2024-02-02"
,"15929073",,,"",,,,,,,,,,,,,,1,"projTutoBreastCan","2024-02-02"
,"15886308",,,"united states",,,,,,,,,,,,,,1,"projTutoBreastCan","2024-02-02"
,"15885523",,,"denmark",,,,,,,,,,,,,,1,"projTutoBreastCan","2024-02-02"
,"15824550",,"4031","united states",,"Breast cancer incidence in women prenatally exposed to maternal cigarette smoke",,,,,,,,,,"Breast cancer",,1,"projTutoBreastCan","2024-02-02"
,"15743503",,,"germany",,,,,,,,,,,,,,1,"projTutoBreastCan","2024-02-02"
,"15734049",,,"",,,,,,,,,,,,,,1,"projTutoBreastCan","2024-02-02"
,"15668477",,,"norway, sweden",,"breast cancer",,,,,,,,,,"Breast cancer",,1,"projTutoBreastCan","2024-02-02"
,"15638743",,,"",,,,,,,,,,,,,,1,"projTutoBreastCan","2024-02-02"
,"15628982",,,"",,,,,,,,,,,,,,1,"projTutoBreastCan","2024-02-02"
,"15609332",,"483","mali, finland",,"breast cancer",,,,,,,,,,"breast cancer",,1,"projTutoBreastCan","2024-02-02"
,"15603589",,,"",,,,,,,,,,,,,,1,"projTutoBreastCan","2024-02-02"
,"15583688",,"1282","mali, denmark",,"cancer",,,,,,,,,,"cancer",,1,"projTutoBreastCan","2024-02-02"
,"15540214",,,"japan",,"tobacco smoke",,,,,,,,,,"Active and passive smoking",,1,"projTutoBreastCan","2024-02-02"
,"15526321",,,"hungary, sweden, denmark, spain",,,,,,,,,,,,,,1,"projTutoBreastCan","2024-02-02"
,"15516840",,,"united states",,,,,,,,,,,,,,1,"projTutoBreastCan","2024-02-02"
,"15385762",,,"",,,,,,,,,,,,,,1,"projTutoBreastCan","2024-02-02"
,"15385072",,,"",,,,,,,,,,,,,,1,"projTutoBreastCan","2024-02-02"
,"15380797",,,"lebanon, mali",,,,,,,,,,,,,,1,"projTutoBreastCan","2024-02-02"
,"15342448",,,"",,,,,,,,,,,,,,1,"projTutoBreastCan","2024-02-02"
,"15325878",,"1356","",,"Environmental tobacco smoke",,,,,,,,,,"tobacco smoke and breast cancer",,1,"projTutoBreastCan","2024-02-02"
,"15303406",,,"",,,,,,,,,,,,,,1,"projTutoBreastCan","2024-02-02"
,"15292387",,"708","norway",,"breast cancer",,,,,,,,,,"Serum",,1,"projTutoBreastCan","2024-02-02"
,"15279207",,,"netherlands",,,,,,,,,,,,,,1,"projTutoBreastCan","2024-02-02"
,"15273261",,,"spain",,,,,,,,,,,,,,1,"projTutoBreastCan","2024-02-02"
,"15244530",,,"india",,,,,,,,,,,,,,1,"projTutoBreastCan","2024-02-02"
,"15226033",,,"",,,,,,,,,,,,,,1,"projTutoBreastCan","2024-02-02"
,"15225898",,"110","",,"cigarette smoking",,,,,,,,,,"cigarette smoking",,1,"projTutoBreastCan","2024-02-02"
,"15217514",,"688","united states",,"smoking",,,,,,,,,,"Cigarette smoking",,1,"projTutoBreastCan","2024-02-02"
,"15209187",,,"united states",,,,,,,,,,,,,,1,"projTutoBreastCan","2024-02-02"
,"15208684",,,"",,,,,,,,,,,,,,1,"projTutoBreastCan","2024-02-02"
,"15179359",,,"united states, india",,,,,,,,,,,,,,1,"projTutoBreastCan","2024-02-02"
,"15167219",,,"sweden",,,,,,,,,,,,,,1,"projTutoBreastCan","2024-02-02"
,"15159183",,,"united states",,,,,,,,,,,,,,1,"projTutoBreastCan","2024-02-02"
,"15122595",,"1459","china",,"Passive smoking",,,,,,,,,,"Passive smoking",,1,"projTutoBreastCan","2024-02-02"
,"15082704",,,"united states",,,,,,,,,,,,,,1,"projTutoBreastCan","2024-02-02"
,"15082451",,,"",,,,,,,,,,,,,,1,"projTutoBreastCan","2024-02-02"
,"15078760",,,"",,,,,,,,,,,,,,1,"projTutoBreastCan","2024-02-02"
,"15075010",,,"pakistan, mali",,,,,,,,,,,,,,1,"projTutoBreastCan","2024-02-02"
,"15069676",,,"russia, czech republic, poland, hungary",,,,,,,,,,,,,,1,"projTutoBreastCan","2024-02-02"
,"15027713",,,"",,,,,,,,,,,,,,1,"projTutoBreastCan","2024-02-02"
,"15026625",,,"",,,,,,,,,,,,,,1,"projTutoBreastCan","2024-02-02"
,"14975800",,,"france",,,,,,,,,,,,,,1,"projTutoBreastCan","2024-02-02"
,"14975514",,,"wales, ireland, denmark, japan, mali",,,,,,,,,,,,,,1,"projTutoBreastCan","2024-02-02"
,"14973414",,,"",,,,,,,,,,,,,,1,"projTutoBreastCan","2024-02-02"
,"14709736",,,"",,"breast cancer",,,,,,,,,,"Active smoking",,1,"projTutoBreastCan","2024-02-02"
,"14686630",,,"united states",,,,,,,,,,,,,,1,"projTutoBreastCan","2024-02-02"
,"14602137",,,"portugal",,,,,,,,,,,,,,1,"projTutoBreastCan","2024-02-02"
,"14530149",,,"canada, india",,,,,,,,,,,,,,1,"projTutoBreastCan","2024-02-02"
,"14520706",,,"",,,,,,,,,,,,,,1,"projTutoBreastCan","2024-02-02"
,"12946045",,,"united states",,"smoking",,,,,,,,,,"smoking",,1,"projTutoBreastCan","2024-02-02"
,"12942134",,,"",,,,,,,,,,,,,,1,"projTutoBreastCan","2024-02-02"
,"12866039",,,"china",,,,,,,,,,,,,,1,"projTutoBreastCan","2024-02-02"
,"12860273",,,"",,,,,,,,,,,,,,1,"projTutoBreastCan","2024-02-02"
,"12836122",,,"",,,,,,,,,,,,,,1,"projTutoBreastCan","2024-02-02"
,"12835615",,"229","netherlands",,"smoking",,,,,,,,,,"smoking",,1,"projTutoBreastCan","2024-02-02"
,"12825861",,,"",,,,,,,,,,,,,,1,"projTutoBreastCan","2024-02-02"
,"12768292",,,"mali",,,,,,,,,,,,,,1,"projTutoBreastCan","2024-02-02"
,"12735498",,,"",,,,,,,,,,,,,,1,"projTutoBreastCan","2024-02-02"
,"12727801",,,"",,,,,,,,,,,,,,1,"projTutoBreastCan","2024-02-02"
,"12718620",,,"japan",,,,,,,,,,,,,,1,"projTutoBreastCan","2024-02-02"
,"12669691",,,"germany",,,,,,,,,,,,,,1,"projTutoBreastCan","2024-02-02"
,"12608008",,,"",,,,,,,,,,,,,,1,"projTutoBreastCan","2024-02-02"
,"12598358",,,"",,,,,,,,,,,,,,1,"projTutoBreastCan","2024-02-02"
,"12574014",,,"united states",,,,,,,,,,,,,,1,"projTutoBreastCan","2024-02-02"
,"12562662",,,"ireland, united kingdom",,,,,,,,,,,,,,1,"projTutoBreastCan","2024-02-02"
,"12488295",,,"mali, switzerland",,,,,,,,,,,,,,1,"projTutoBreastCan","2024-02-02"
,"12439712",,"58515","",,"alcohol",,,,,,,,,,"Alcohol, tobacco and breast cancer",,1,"projTutoBreastCan","2024-02-02"
,"12439704",,,"",,,,,,,,,,,,,,1,"projTutoBreastCan","2024-02-02"
,"12383984",,,"united kingdom",,,,,,,,,,,,,,1,"projTutoBreastCan","2024-02-02"
,"12376493",,,"",,,,,,,,,,,,,,1,"projTutoBreastCan","2024-02-02"
,"12353111",,,"brazil",,,,,,,,,,,,,,1,"projTutoBreastCan","2024-02-02"
,"12296511",,"338","united states",,"Cigarette smoking",,,,,,,,,,"Cigarette smoking",,1,"projTutoBreastCan","2024-02-02"
,"12244030",,,"germany",,,,,,,,,,,,,,1,"projTutoBreastCan","2024-02-02"
,"12243511",,,"",,"cigarette smoking",,,,,,,,,,"active or passive cigarette smoking",,1,"projTutoBreastCan","2024-02-02"
,"12183419",,"64","united states",,"smoking and obesity",,,,,,,,,,"pancreatic adenocarcinoma",,1,"projTutoBreastCan","2024-02-02"
,"12163321",,,"",,,,,,,,,,,,,,1,"projTutoBreastCan","2024-02-02"
,"12150456",,"202","",,"Cigarette smoking",,,,,,,,,,"postmenopausal breast cancer",,1,"projTutoBreastCan","2024-02-02"
,"12084622",,,"",,,,,,,,,,,,,,1,"projTutoBreastCan","2024-02-02"
,"12080555",,,"tunisia",,,,,,,,,,,,,,1,"projTutoBreastCan","2024-02-02"
,"12079146",,,"united states",,,,,,,,,,,,,,1,"projTutoBreastCan","2024-02-02"
,"12078759",,,"",,,,,,,,,,,,,,1,"projTutoBreastCan","2024-02-02"
,"11992421",,,"canada",,"smoking",,,,,,,,,,"cigarette smoking",,1,"projTutoBreastCan","2024-02-02"
,"11959880",,,"taiwan, mali",,,,,,,,,,,,,,1,"projTutoBreastCan","2024-02-02"
,"11929836",,,"united states",,,,,,,,,,,,,,1,"projTutoBreastCan","2024-02-02"
,"11921196",,,"united states",,,,,,,,,,,,,,1,"projTutoBreastCan","2024-02-02"
,"11921179",,,"",,,,,,,,,,,,,,1,"projTutoBreastCan","2024-02-02"
,"11921174",,,"",,,,,,,,,,,,,,1,"projTutoBreastCan","2024-02-02"
,"11905727",,,"",,,,,,,,,,,,,,1,"projTutoBreastCan","2024-02-02"
,"11899366",,,"united states",,,,,,,,,,,,,,1,"projTutoBreastCan","2024-02-02"
,"11860724",,,"united states, india",,,,,,,,,,,,,,1,"projTutoBreastCan","2024-02-02"
,"11834470",,,"",,,,,,,,,,,,,,1,"projTutoBreastCan","2024-02-02"
,"11765176",,,"italy",,,,,,,,,,,,,,1,"projTutoBreastCan","2024-02-02"
,"11750846",,,"austria, hungary, czech republic, sweden, denmark, finland",,,,,,,,,,,,,,1,"projTutoBreastCan","2024-02-02"
,"11731429",,"100","mali",,"breast cancer",,,,,,,,,,"breast cancer",,1,"projTutoBreastCan","2024-02-02"
,"11714107",,"9675","japan",,"cancer",,,,,,,,,,"Passive smoking",,1,"projTutoBreastCan","2024-02-02"
,"11711759",,,"",,,,,,,,,,,,,,1,"projTutoBreastCan","2024-02-02"
,"11691825",,,"",,,,,,,,,,,,,,1,"projTutoBreastCan","2024-02-02"
,"11605707",,,"united states",,,,,,,,,,,,,,1,"projTutoBreastCan","2024-02-02"
,"11559447",,,"united states",,,,,,,,,,,,,,1,"projTutoBreastCan","2024-02-02"
,"11411198",,,"united states",,,,,,,,,,,,,,1,"projTutoBreastCan","2024-02-02"
,"11291371",,,"united states",,,,,,,,,,,,,,1,"projTutoBreastCan","2024-02-02"
,"11291049",,"149","mali, canada, france",,"breast cancer",,,,,,,,,,"breast cancer",,1,"projTutoBreastCan","2024-02-02"
,"11289249",,,"india",,"smokeless tobacco use",,,,,,,,,,"smokeless tobacco use and breast cancer",,1,"projTutoBreastCan","2024-02-02"
,"11251985",,,"",,"smoking habits",,,,,,,,,,"Smoking",,1,"projTutoBreastCan","2024-02-02"
,"11248581",,,"",,,,,,,,,,,,,,1,"projTutoBreastCan","2024-02-02"
,"11218778",,,"denmark",,,,,,,,,,,,,,1,"projTutoBreastCan","2024-02-02"
,"11199234",,,"",,,,,,,,,,,,,,1,"projTutoBreastCan","2024-02-02"
,"11181440",,,"",,,,,,,,,,,,,,1,"projTutoBreastCan","2024-02-02"
,"11165134",,,"turkey, mali",,,,,,,,,,,,,,1,"projTutoBreastCan","2024-02-02"
,"11085449",,,"united states",,,,,,,,,,,,,,1,"projTutoBreastCan","2024-02-02"
,"11059562",,,"",,"cancer",,,,,,,,,,"cancer",,1,"projTutoBreastCan","2024-02-02"
,"11036112",,"146488","united states",,"Passive smoking exposure",,,,,,,,,,"Passive smoking exposure",,1,"projTutoBreastCan","2024-02-02"
,"11008539",,,"finland, denmark",,,,,,,,,,,,,,1,"projTutoBreastCan","2024-02-02"
,"10933269",,,"switzerland",,"postmenopausal breast cancer",,,,,,,,,,"Breast cancer and active and passive smoking",,1,"projTutoBreastCan","2024-02-02"
,"10917574",,,"",,,,,,,,,,,,,,1,"projTutoBreastCan","2024-02-02"
,"10898115",,,"",,,,,,,,,,,,,,1,"projTutoBreastCan","2024-02-02"
,"10856100",,,"mali",,,,,,,,,,,,,,1,"projTutoBreastCan","2024-02-02"
,"10855921",,,"switzerland",,,,,,,,,,,,,,1,"projTutoBreastCan","2024-02-02"
,"10814661",,,"switzerland",,,,,,,,,,,,,,1,"projTutoBreastCan","2024-02-02"
,"10782661",,"864","united states, japan",,"cigarette smoking",,,,,,,,,,"adolescent cigarette smoking",,1,"projTutoBreastCan","2024-02-02"
,"10782655",,"35","canada",,"breast cancer",,,,,,,,,,"smoking",,1,"projTutoBreastCan","2024-02-02"
,"10756694",,,"switzerland",,,,,,,,,,,,,,1,"projTutoBreastCan","2024-02-02"
,"10691062",,,"united states, mali",,,,,,,,,,,,,,1,"projTutoBreastCan","2024-02-02"
,"10667460",,,"",,,,,,,,,,,,,,1,"projTutoBreastCan","2024-02-02"
,"10652421",,,"pakistan, mali, israel",,,,,,,,,,,,,,1,"projTutoBreastCan","2024-02-02"
